target_family,target,eyepacs_cropped_dinov2_cropped_10k,eyepacs_cropped_dinov2_cropped_10k_resid_remove_sharpness_laterality,eyepacs_resized_dinov2_resized_10k,eyepacs_resized_dinov2_resized_10k_resid_remove_sharpness_laterality,eyepacs_resized_dinov2_resized_2k,eyepacs_resized_dinov2_resized_2k_resid_remove_brightness_contrast,cropped_minus_resized_auc
anatomy,laterality_right_vs_left,0.877405,0.268534,0.880487,0.275958,0.8010999999999999,0.7981249999999999,-0.003082000000000029
disease,any_dr,0.735939052583749,0.7344048813857224,0.7311056019094127,0.729135771030254,0.6682402475200152,0.652323689834455,0.004833450674336381
disease,referable_dr,0.8082296650717703,0.8022950424188814,0.8104089099754734,0.8048860118209964,0.668235294117647,0.6667413632119514,-0.002179244903703137
disease,severe_dr,0.882233025865348,0.871356742107265,0.8812999239254469,0.8692944085203499,0.8067305445197476,0.8226221079691516,0.0009331019399011486
quality,black_border_high_vs_low,0.998221970465828,0.9980803574940798,0.9999921326126808,0.9983793182122148,0.999632285346571,0.9974259974259974,-0.0017701621468528828
quality,brightness_high_vs_low,0.9998482852237792,0.9998203377650018,0.9998762326825568,0.9997963828003354,0.9992982456140352,0.0921303258145363,-2.794745877754412e-05
quality,contrast_high_vs_low,0.9902289830576684,0.9889774236387784,0.9902289830576684,0.9903738581029418,0.9785148514851484,0.0881188118811881,0.0
quality,field_of_view_high_vs_low,1.0,0.9999761874523748,1.0,1.0,1.0,1.0,0.0
quality,sharpness_high_vs_low,0.998121634922689,0.1666882345328988,0.998384370747699,0.1640216619805575,0.99940919295758,0.99881838591516,-0.0002627358250100187
